Gene_A,Gene_B
ADNP,ADNP2
ADNP,AHDC1
ADNP2,AHDC1
ALX1,ALX4
ARID3A,ARID3B
AHR,ARNT
AHRR,ARNT
AHR,ARNTL
ATF1,ATF2
ATF2,ATF3
ATF3,ATF4
ATF2,BACH1
ATF4,BATF
ATF2,BATF3
ATF3,BATF3
BACH2,BATF3
BCL11A,BCL11B
BCL11A,BCL6
BCL6,BCL6B
ARNTL,BHLHE40
BCL11A,BPTF
BCL11B,BPTF
ATF2,CEBPA
ATF4,CEBPA
ATF5,CEBPA
BATF,CEBPA
ALX4,CEBPE
CEBPA,CEBPE
ATF2,CEBPG
ATF3,CEBPG
ATF4,CEBPG
ATF5,CEBPG
BATF,CEBPG
BATF3,CEBPG
CEBPA,CEBPG
CEBPE,CEBPG
CENPA,CENPT
CENPS,CENPX
ADNP,CHAMP1
ADNP2,CHAMP1
AHDC1,CHAMP1
ARHGAP35,CHCHD3
ARNTL,CLOCK
ARNTL2,CLOCK
ARNT,CREB1
ATF1,CREB1
ATF6,CREB1
CREB3,CREB3L2
CREB3,CREB3L3
AKAP8L,CREB5
ATF2,CREB5
ATF7,CREB5
BACH1,CREB5
BATF3,CREB5
ATF4,CREBZF
BHLHE40,CREM
CREB1,CREM
ATF2,DDIT3
ATF3,DDIT3
ATF4,DDIT3
BACH1,DDIT3
BATF,DDIT3
BATF3,DDIT3
CEBPA,DDIT3
CEBPE,DDIT3
CEBPG,DDIT3
CREB3,DDIT3
CREBL2,DDIT3
DBP,DDIT3
AKAP8L,DMRT3
ARID2,DPF1
ARID2,DPF3
DPF1,DPF3
ASCL4,DR1
DPF1,DR1
DR1,DRAP1
E2F1,E2F2
E2F1,E2F3
E2F2,E2F3
CEBPA,E2F4
E2F1,E2F4
E2F2,E2F4
E2F3,E2F4
E2F1,E2F5
E2F2,E2F5
E2F3,E2F5
E2F4,E2F5
CBX2,E2F6
E2F1,E2F6
E2F2,E2F6
E2F3,E2F6
E2F4,E2F6
E2F5,E2F6
AR,EGR1
ARID2,EGR1
EGR1,EGR2
ALX4,EMX1
ELK1,EMX1
ARNT,EPAS1
ARNT2,EPAS1
ARNTL,EPAS1
ARNTL2,EPAS1
AR,ERG
AHCTF1,ESR1
AHDC1,ESR1
AHR,ESR1
AKAP8,ESR1
AKAP8L,ESR1
ANKZF1,ESR1
ARID2,ESR1
ARID5A,ESR1
ARNT,ESR1
ASCL4,ESR1
ATF1,ESR1
BAZ2A,ESR1
BBX,ESR1
CEBPZ,ESR1
CENPT,ESR1
CGGBP1,ESR1
CIC,ESR1
CREB3L4,ESR1
CTCF,ESR1
CXXC4,ESR1
DNTTIP1,ESR1
E4F1,ESR1
AKAP8,ESR2
CDC5L,ESR2
DNTTIP1,ESR2
ESR1,ESR2
ESR1,ESRRA
ESRRA,ESRRG
ERG,ETS2
ESR1,ETV6
ETV6,FLI1
ESR1,FLYWCH1
ASCL4,FOS
ATF2,FOS
ATF4,FOS
ATF7,FOS
CEBPG,FOS
CREB5,FOS
DDIT3,FOS
ESR1,FOS
ATF2,FOSB
CREB5,FOSB
FOS,FOSB
ATF4,FOSL1
BATF3,FOSL1
CREB5,FOSL1
ATF2,FOSL2
ATF7,FOSL2
BACH2,FOSL2
CREB5,FOSL2
DDIT3,FOSL2
EGR1,FOSL2
ESR1,FOSL2
ALX4,FOXA1
AR,FOXA1
CREB1,FOXA1
DLX5,FOXA1
ESR1,FOXA1
AKAP8,FOXA3
ALX4,FOXA3
FOXA1,FOXA3
ARID3A,FOXB1
ARID3B,FOXB1
E4F1,FOXB1
CREB1,FOXC1
DACH1,FOXC1
DLX5,FOXC1
AKAP8,FOXC2
CREB1,FOXC2
DACH1,FOXC2
DLX5,FOXC2
EBF3,FOXC2
FOXC1,FOXC2
ARID5A,FOXD2
AKAP8L,FOXD4
FOXC1,FOXD4
FOXD1,FOXD4
FOXD4,FOXD4L1
FOXD2,FOXD4L6
ADNP,FOXE1
AKAP8,FOXE1
ALX4,FOXE1
ARID3B,FOXE1
CDX2,FOXE1
CREB1,FOXE1
CUX1,FOXE1
DACH1,FOXE1
DLX5,FOXE1
ADNP,FOXG1
AKAP8,FOXG1
CUX1,FOXG1
ARID3A,FOXH1
ARID3B,FOXH1
ARID5A,FOXH1
BATF2,FOXH1
CRX,FOXH1
FOXD2,FOXH1
FOXG1,FOXH1
BATF2,FOXI1
DLX5,FOXI2
FOXI1,FOXI2
ADNP,FOXJ2
AKAP8,FOXJ2
BBX,FOXJ2
CUX1,FOXJ2
DLX5,FOXJ2
DNTTIP1,FOXJ2
FOXC1,FOXJ2
ESR1,FOXK1
ADNP,FOXK2
BPTF,FOXK2
CIC,FOXK2
CUX1,FOXK2
DRAP1,FOXK2
ESR1,FOXK2
FOXE1,FOXK2
FOXK1,FOXK2
ARID3A,FOXL1
ARID3B,FOXL1
CENPB,FOXL1
ARNT,FOXN1
CUX1,FOXN1
DMRT3,FOXN1
AR,FOXO1
CUX1,FOXO1
DACH1,FOXO1
DLX5,FOXO1
ESR1,FOXO1
ETS1,FOXO1
ESR1,FOXO3
ESR2,FOXO3
FOXK1,FOXO3
FOXO1,FOXO4
CUX1,FOXP1
FOXP1,FOXP2
AKAP8,FOXP3
CENPB,FOXP3
FOSB,FOXP3
FOXA3,FOXP3
FOXP1,FOXP3
FOXP2,FOXP3
FOXP1,FOXP4
FOXP2,FOXP4
FOXP3,FOXP4
ADNP,FOXQ1
CUX1,FOXQ1
FOXP3,FOXR1
ARNT,FOXR2
FOXN3,FOXR2
ADNP,FOXS1
AKAP8,FOXS1
FOXC1,FOXS1
ESR1,GABPA
FOXJ2,GABPA
BCL6,GATA1
FLI1,GATA1
ESR1,GATA3
ALX4,GATA4
FOXE1,GATA4
ARID5A,GATA5
BCL11A,GATAD2A
BPTF,GATAD2A
BCL11A,GATAD2B
BPTF,GATAD2B
ESR1,GATAD2B
FOXC1,GATAD2B
FOXG1,GATAD2B
FOXJ2,GATAD2B
FOXQ1,GATAD2B
FOXS1,GATAD2B
GATAD2A,GATAD2B
CRX,GCM2
CENPB,GFI1B
ARNT,GLIS1
ARID5A,GLIS2
ARNT,GLIS2
CREM,GLIS2
CRX,GLIS2
FOSB,GLIS2
GLIS1,GLIS2
ESR1,GLYR1
FOXL2,GLYR1
ESR1,GPBP1L1
FOS,GPBP1L1
GRHL1,GRHL3
GRHL2,GRHL3
GCM2,GSC2
ASCL4,GTF2B
CBX2,GTF2B
DRAP1,GTF2B
GTF2I,GTF2IRD2B
GTF2IRD1,GTF2IRD2B
GTF2IRD2,GTF2IRD2B
ESR1,HBP1
DR1,HES4
GTF2B,HES4
FOXH1,HEY1
HES1,HEY1
HEY1,HEY2
FOXA3,HIC2
FOXB1,HIC2
FOXJ2,HIC2
FOXQ1,HIC2
AR,HIF1A
ARNT,HIF1A
ARNT2,HIF1A
ARNTL,HIF1A
ESR1,HIF1A
GLIS2,HIF1A
BHLHE40,HIVEP1
CREB1,HIVEP1
BATF,HLF
BATF3,HLF
DBP,HLF
DDIT3,HLF
FOXH1,HLX
AEBP2,HMBOX1
BAZ2B,HMBOX1
DNTTIP1,HMBOX1
GSC2,HMBOX1
ARNTL,HMG20A
BACH2,HMG20A
CLOCK,HMG20A
ESR1,HMG20A
FOXD4L1,HMG20A
GATAD2A,HMG20A
GATAD2B,HMG20A
ESR1,HMG20B
HMG20A,HMG20B
CREB1,HMGA1
FOXA1,HMGA1
FOXE1,HMGA1
CREB1,HMGA2
E4F1,HMGA2
FOXO1,HNF4A
HIF1A,HNF4A
HLF,HNF4G
CENPS,HOMEZ
DNTTIP1,HOMEZ
EBF1,HOMEZ
ARID5A,HOXA1
BATF2,HOXA1
CREB5,HOXA1
ESR2,HOXA1
FOXH1,HOXA1
FOXN1,HOXA1
GATA1,HOXA1
GCM2,HOXA1
HEY2,HOXA1
EMX1,HOXA10
FOXB1,HOXA10
FOXE1,HOXA10
ALX4,HOXA3
DDIT3,HOXA5
ALX4,HOXB13
ELK1,HOXB13
FOXC2,HOXB13
FOXE1,HOXB13
FOXF1,HOXB13
FOXG1,HOXB13
FOXS1,HOXB13
ALX4,HOXB6
FOXA1,HOXB9
FOXC1,HOXB9
FOXC2,HOXB9
FOXE1,HOXB9
FOXF1,HOXB9
FOXK2,HOXB9
FOXS1,HOXB9
HOXA1,HOXB9
FOXC1,HOXC13
FOXC2,HOXC13
FOXE1,HOXC13
FOXG1,HOXC13
FOXI2,HOXC13
FOXJ2,HOXC13
FOXK2,HOXC13
FOXN1,HOXC13
FOXO1,HOXC13
FOXP1,HOXC13
FOXP3,HOXC13
FOXR1,HOXC13
FOXS1,HOXC13
HOXB5,HOXC4
HESX1,HOXC8
HOXC13,HOXC9
CREB1,HOXD13
FOS,HOXD13
FOXA1,HOXD13
FOXA3,HOXD13
FOXB1,HOXD13
FOXC1,HOXD13
FOXC2,HOXD13
FOXE1,HOXD13
FOXF1,HOXD13
FOXG1,HOXD13
FOXI2,HOXD13
FOXJ2,HOXD13
FOXK2,HOXD13
FOXN1,HOXD13
FOXO1,HOXD13
FOXP1,HOXD13
FOXP3,HOXD13
FOXQ1,HOXD13
FOXR1,HOXD13
FOXS1,HOXD13
ALX4,HOXD3
HOXC8,HOXD3
HOXB13,HOXD4
ETV5,HOXD9
HOXC9,HOXD9
FOXD4L6,HSF2
HSF1,HSF2
AKAP8L,HSF4
FOXH1,HSF4
FOXI1,HSF4
HSF1,HSF4
HSF2,HSF4
GCM2,HSFY1
GCM2,HSFY2
IKZF1,IKZF2
ARNT2,IKZF3
HOXC8,IKZF3
IKZF1,IKZF3
FOXP3,IKZF4
IKZF1,IKZF4
IKZF3,IKZF4
IKZF1,IKZF5
IKZF3,IKZF5
IKZF4,IKZF5
FOXK1,IRF2
FOXK2,IRF2
IRF1,IRF2
ATF2,IRF3
BATF,IRF4
BCL6,IRF4
HOXB13,IRF4
HOXC11,IRF4
IRF1,IRF8
IRF2,IRF8
ARID3B,IRF9
FOXL1,IRF9
GFI1B,IRF9
HOXC9,IRF9
IRF1,IRF9
ARID5A,IRX6
CRX,IRX6
HOXA1,IRX6
GSC2,ISX
ATF2,JDP2
ATF4,JDP2
CREB5,JDP2
DDIT3,JDP2
ADNP,JUN
AR,JUN
ARID3B,JUN
ARNTL,JUN
ASCL4,JUN
ATF1,JUN
ATF2,JUN
ATF3,JUN
ATF4,JUN
ATF7,JUN
BATF,JUN
BATF2,JUN
BATF3,JUN
BCL6,JUN
CC2D1A,JUN
CDC5L,JUN
CGGBP1,JUN
CHAMP1,JUN
CHCHD3,JUN
CREB1,JUN
CREB3,JUN
CREB5,JUN
CUX1,JUN
DACH1,JUN
DDIT3,JUN
DNMT1,JUN
EBF3,JUN
ESR1,JUN
ETS1,JUN
ETS2,JUN
FOS,JUN
FOSB,JUN
FOSL1,JUN
FOSL2,JUN
GATAD2A,JUN
GTF2I,JUN
HIC2,JUN
HIF1A,JUN
HMGA1,JUN
HOXB9,JUN
HOXC13,JUN
HOXD13,JUN
IRF3,JUN
JDP2,JUN
ATF2,JUNB
ATF3,JUNB
ATF4,JUNB
BATF,JUNB
BATF2,JUNB
BATF3,JUNB
DDIT3,JUNB
EGR1,JUNB
ESR1,JUNB
FOS,JUNB
FOSB,JUNB
FOSL1,JUNB
FOSL2,JUNB
HOXA7,JUNB
JDP2,JUNB
JUN,JUNB
AR,JUND
ATF3,JUND
BATF,JUND
CREB1,JUND
CREB5,JUND
DDIT3,JUND
EGR1,JUND
FOS,JUND
FOSB,JUND
FOSL1,JUND
FOSL2,JUND
JUN,JUND
AR,KAT7
CBX2,KDM2B
CEBPE,KDM2B
E2F6,KDM2B
ESR1,KDM2B
CDX2,KDM5B
FOXG1,KDM5B
E2F8,KLF11
E4F1,KLF11
GATA1,KLF11
DR1,KLF15
FOS,KLF15
GTF2B,KLF15
HSF1,KLF15
KLF11,KLF15
KCNIP3,KLF3
KLF11,KLF3
ESR1,KLF4
CEBPG,KLF5
KLF11,KLF5
CXXC1,KMT2A
DOT1L,KMT2A
ESR1,KMT2A
HOXA9,KMT2A
CXXC1,KMT2B
ESR1,KMT2B
FOXK2,KMT2B
KMT2A,KMT2B
E2F1,L3MBTL3
E2F3,L3MBTL3
L3MBTL1,L3MBTL4
L3MBTL3,L3MBTL4
AEBP2,LCOR
AR,LCOR
BAZ2A,LCOR
ESR1,LCOR
KLF6,LCOR
EGR1,LEF1
FLYWCH1,LHX2
HOXC8,LHX2
FIGLA,LHX3
GCM2,LHX3
HOXC5,LHX3
HOXC8,LHX3
ARID2,LHX4
CENPS,LHX4
HOXC5,LHX4
IKZF1,LHX4
ISL1,LHX4
ISL2,LHX4
ARID3B,LHX6
FIGLA,LHX6
KLF3,LHX6
ATF2,LHX8
FIGLA,LHX8
FOSL2,LHX8
FOXN1,LHX8
KLF3,LHX8
E2F4,LIN54
FOXJ2,LIN54
FOXM1,LIN54
CREB5,LMX1B
HOXA1,LMX1B
AHR,MAF
ATF4,MAF
FOS,MAF
BACH1,MAFB
FOS,MAFB
MAF,MAFB
BACH1,MAFF
BACH2,MAFF
JUN,MAFF
BACH1,MAFG
BACH2,MAFG
HIF1A,MAFG
HOMEZ,MAFG
ARNTL,MAX
CLOCK,MAX
CUX1,MAX
E2F6,MAX
FOXK1,MAX
FOXK2,MAX
FOXR1,MAX
FOXR2,MAX
HMG20A,MAX
JUN,MAX
BPTF,MAZ
ESR1,MAZ
FOS,MAZ
JUN,MAZ
ESR1,MBD1
BCL11A,MBD2
BCL11B,MBD2
BPTF,MBD2
DNMT1,MBD2
ESR1,MBD2
GATAD2A,MBD2
GATAD2B,MBD2
HINFP,MBD2
HMG20A,MBD2
ASCL4,MBD3
ATF7,MBD3
BCL11A,MBD3
BPTF,MBD3
ESR1,MBD3
GATAD2A,MBD3
GATAD2B,MBD3
MBD2,MBD3
ESR1,MBD4
FOXJ2,MECOM
MBD3,MECOM
CREB1,MECP2
ESR1,MECP2
FOXC1,MECP2
FOXE1,MECP2
FOXI2,MECP2
FOXR1,MECP2
JUN,MECP2
MAX,MECP2
ASCL1,MEF2A
ATF3,MEF2A
ATF7,MEF2A
JUN,MEF2A
JUND,MEF2A
EPAS1,MEF2C
JUN,MEF2C
MEF2A,MEF2C
JUN,MEF2D
MEF2A,MEF2D
CREB1,MEIS1
DLX3,MEIS1
EMX2,MEIS1
FOXC1,MEIS1
HOXA11,MEIS1
HOXA9,MEIS1
HOXB13,MEIS1
HOXC11,MEIS1
HOXD13,MEIS1
LMX1B,MEIS1
ARNT2,MEIS2
HOXB13,MEIS2
LMX1B,MEIS2
MEIS1,MEIS2
MBD3,MEIS3
MEIS2,MEIS3
HMBOX1,MEOX1
HOXC8,MEOX1
MBD3,MEOX1
MEF2A,MEOX1
ARNT2,MEOX2
ARNTL2,MEOX2
CBX2,MEOX2
CXXC1,MEOX2
DMRT3,MEOX2
E2F8,MEOX2
ERF,MEOX2
ESR2,MEOX2
ESRRG,MEOX2
FOSL2,MEOX2
FOXR1,MEOX2
GCM2,MEOX2
HMBOX1,MEOX2
HOXB5,MEOX2
HOXC8,MEOX2
IKZF1,MEOX2
IRX6,MEOX2
MBD3,MEOX2
MEOX1,MEOX2
ADNP,MGA
CHAMP1,MGA
E2F6,MGA
KDM2B,MGA
MAX,MGA
LEF1,MITF
BACH2,MLX
MEOX1,MLX
MEOX2,MLX
MLX,MLXIPL
FOXK2,MNT
MAX,MNT
MLX,MNT
FERD3L,MSGN1
DLX2,MSX1
FOXH1,MSX2
GATA2,MSX2
HOXC9,MSX2
MSX1,MSX2
MAX,MTERF1
FOS,MTERF4
AEBP2,MTF2
BCL11A,MTF2
BPTF,MTF2
CREB1,MTF2
GATAD2A,MTF2
GATAD2B,MTF2
LCOR,MTF2
MBD2,MTF2
MBD3,MTF2
MAX,MXD1
MLX,MXD1
MAX,MXD3
MAX,MXD4
MLX,MXD4
MAX,MXI1
HLF,MYB
MAF,MYB
LIN54,MYBL1
BCL11A,MYBL2
BCL11B,MYBL2
BPTF,MYBL2
E2F3,MYBL2
FOXM1,MYBL2
GATAD2A,MYBL2
GATAD2B,MYBL2
LIN54,MYBL2
MBD2,MYBL2
MBD3,MYBL2
MTF2,MYBL2
ADNP,MYC
AKAP8,MYC
AKAP8L,MYC
ARNT,MYC
CEBPZ,MYC
CHCHD3,MYC
DACH1,MYC
DR1,MYC
ESR1,MYC
FOXR1,MYC
FOXR2,MYC
GLIS1,MYC
GLIS2,MYC
GTF2B,MYC
GTF2I,MYC
HBP1,MYC
HIF1A,MYC
JUN,MYC
MAX,MYC
MAX,MYCL
FOXR1,MYCN
MAX,MYCN
MYC,MYCN
FIGLA,MYF5
MSGN1,MYF5
FIGLA,MYOD1
MEF2C,MYOD1
FIGLA,MYOG
MBD3,MYOG
AKAP8L,MYPOP
HOXA1,MYPOP
AHR,NCOA1
AR,NCOA1
ARNT,NCOA1
ESR1,NCOA1
ESR2,NCOA1
ESRRA,NCOA1
ESRRG,NCOA1
FOS,NCOA1
HNF4A,NCOA1
HNF4G,NCOA1
JUN,NCOA1
AHR,NCOA2
AR,NCOA2
ARNT,NCOA2
ESR1,NCOA2
ESR2,NCOA2
FOXJ2,NCOA2
HNF4A,NCOA2
NCOA1,NCOA2
AR,NCOA3
ARNT2,NCOA3
E2F1,NCOA3
ESR1,NCOA3
ESR2,NCOA3
ESRRA,NCOA3
MYC,NCOA3
NCOA1,NCOA3
NCOA2,NCOA3
DPF3,NEUROD1
KLF11,NEUROD1
ADNP,NFATC1
ATF1,NFATC1
ATF2,NFATC1
ATF3,NFATC1
CREB1,NFATC1
CUX1,NFATC1
FLYWCH1,NFATC1
FOS,NFATC1
FOXP3,NFATC1
GATAD2B,NFATC1
HMGA1,NFATC1
HMGA2,NFATC1
HOXA10,NFATC1
HOXC13,NFATC1
HOXD13,NFATC1
ISL1,NFATC1
JUN,NFATC1
JUND,NFATC1
CREB1,NFATC2
EGR1,NFATC2
ESR1,NFATC2
FOS,NFATC2
FOXP2,NFATC2
FOXP3,NFATC2
IRF4,NFATC2
JUN,NFATC2
JUN,NFATC3
CEBPA,NFATC4
JUN,NFATC4
ATF4,NFE2L1
CREBZF,NFE2L1
MAFF,NFE2L1
MAFG,NFE2L1
ATF4,NFE2L2
JUN,NFE2L2
MAFF,NFE2L2
MAFG,NFE2L2
MYC,NFE2L2
MAFF,NFE2L3
MAFG,NFE2L3
NFE2,NFE2L3
CREB1,NFIA
FOXC2,NFIA
JUN,NFIA
ESR1,NFIB
NFIA,NFIB
CREB1,NFIC
DACH1,NFIC
FOXA1,NFIC
FOXC1,NFIC
FOXE1,NFIC
GLIS1,NFIC
GLIS2,NFIC
MYC,NFIC
NFIB,NFIC
CREB1,NFIL3
DDIT3,NFIL3
CREB1,NFIX
FOS,NFIX
FOXA1,NFIX
FOXC1,NFIX
FOXN1,NFIX
JUN,NFIX
NFIB,NFIX
ELF3,NFKB1
ESR1,NFKB1
HMGA2,NFKB1
HOXC8,NFKB1
KLF5,NFKB1
MXD3,NFKB1
NCOA1,NFKB1
ESR2,NFKB2
ETS1,NFKB2
GTF2I,NFKB2
NFKB1,NFKB2
ESR1,NFX1
CREB1,NFYA
JUN,NFYA
CEBPZ,NFYB
DRAP1,NFYB
MEOX2,NFYB
NFYA,NFYB
ADNP2,NFYC
ARID2,NFYC
ATF6,NFYC
CIC,NFYC
CRX,NFYC
DR1,NFYC
FOXJ2,NFYC
FOXK2,NFYC
HIVEP1,NFYC
HSFY1,NFYC
HSFY2,NFYC
KLF11,NFYC
KLF15,NFYC
LIN54,NFYC
MYC,NFYC
NFYA,NFYC
NFYB,NFYC
HIVEP1,NHLH1
MYF5,NHLH2
ESR1,NKRF
ESR2,NKRF
FOXL2,NKRF
FOXQ1,NKRF
JUN,NKRF
FOXA1,NKX2-1
NCOA1,NKX2-1
NCOA3,NKX2-1
FOXA1,NKX2-5
FOXE1,NKX2-5
GATA4,NKX2-5
JUN,NKX2-5
ARHGAP35,NME2
ESR1,NME2
HSF1,NME2
HSF2,NME2
FOXD2,NOTO
FOXH1,NOTO
MEIS2,NOTO
NKX2-4,NOTO
ARNT2,NPAS2
ARNTL,NPAS2
ARNTL2,NPAS2
CRX,NPAS2
HESX1,NPAS2
CLOCK,NR1D2
HOXA1,NR1D2
MEOX2,NR1D2
NR1D1,NR1D2
FOXO3,NR1H2
NCOA1,NR1H2
NCOA2,NR1H2
NCOA3,NR1H2
FOXO3,NR1H3
NCOA1,NR1H3
NCOA2,NR1H3
NCOA3,NR1H3
ESR1,NR1H4
NCOA1,NR1H4
NCOA2,NR1H4
HNF4A,NR1I2
NCOA1,NR1I2
NFATC4,NR1I2
ESR1,NR1I3
FOS,NR1I3
NCOA1,NR1I3
NCOA2,NR1I3
AR,NR2C1
AR,NR2C2
DNMT1,NR2C2
FOXL1,NR2C2
HNF4A,NR2C2
JAZF1,NR2C2
KLF11,NR2C2
NR2C1,NR2C2
BCL11A,NR2E1
AHR,NR2F1
BCL11A,NR2F1
BCL11B,NR2F1
ESR1,NR2F1
FOS,NR2F1
FOXA3,NR2F1
FOXC2,NR2F1
FOXG1,NR2F1
FOXL1,NR2F1
FOXS1,NR2F1
GTF2B,NR2F1
BCL11A,NR2F2
FOS,NR2F6
FOXN1,NR2F6
JUN,NR2F6
NR2F2,NR2F6
CENPB,NR3C1
CREB1,NR3C1
FOXJ2,NR3C1
FOXL1,NR3C1
MAFF,NR3C1
MSX2,NR3C1
NCOA1,NR3C1
NCOA2,NR3C1
NCOA3,NR3C1
NFKB1,NR3C1
NR2F2,NR3C1
NCOA1,NR3C2
NR3C1,NR3C2
HES1,NR4A1
NCOA1,NR4A1
NFKB1,NR4A1
NR3C1,NR4A1
CXXC1,NR5A1
JUN,NR5A1
NCOA2,NR5A1
CENPT,NR5A2
CREB1,NR5A2
NCOA1,NR5A2
NCOA2,NR5A2
NCOA3,NR5A2
FOXJ2,NRF1
FOXK2,NRF1
FOXP3,NRF1
HIVEP1,NRF1
KLF15,NRF1
L3MBTL3,NRF1
LHX3,NRF1
LHX4,NRF1
LHX6,NRF1
CRX,NRL
ARID5A,OLIG3
HMG20A,OLIG3
EOMES,OTP
ARID5A,OTX1
HIVEP1,OTX1
KLF3,OTX2
MAFF,OVOL1
AR,PA2G4
E2F1,PA2G4
ESR1,PA2G4
FOXB1,PA2G4
FOXH1,PA2G4
FOXI2,PA2G4
FOXL1,PA2G4
HMGA1,PA2G4
HMGA2,PA2G4
HNF4A,PA2G4
JUN,PA2G4
AKAP8L,PATZ1
BCL6,PATZ1
FOXJ2,PATZ1
KLF1,PATZ1
MITF,PATZ1
MSX2,PATZ1
NR2C2,PATZ1
FOXE1,PAX3
FOXO1,PAX3
MEOX1,PAX3
MEOX2,PAX3
NAIF1,PAX4
NFYC,PAX4
ETS1,PAX5
GRHL2,PAX5
HMBOX1,PAX5
HOXC8,PAX5
NFYC,PAX5
AR,PAX6
CGGBP1,PAX6
ESRRG,PAX6
GCM2,PAX6
GRHL2,PAX6
HMBOX1,PAX6
HOXA1,PAX6
HOXC8,PAX6
HOXC9,PAX6
NFYC,PAX6
GCM2,PAX8
HOXC8,PAX8
HOXC9,PAX8
KDM5B,PAX9
KLF4,PAX9
FOXA1,PBX1
FOXC1,PBX1
FOXE1,PBX1
FOXQ1,PBX1
HOXB1,PBX1
HOXB5,PBX1
HOXB7,PBX1
HOXC5,PBX1
HOXC8,PBX1
LMX1B,PBX1
MEIS1,PBX1
MEIS2,PBX1
CREB1,PBX2
FOXC1,PBX2
FOXE1,PBX2
FOXI2,PBX2
FOXS1,PBX2
HOXA1,PBX2
HOXA5,PBX2
HOXB5,PBX2
HOXC5,PBX2
HOXC8,PBX2
HOXC9,PBX2
LMX1B,PBX2
MEIS2,PBX2
MSC,PBX2
FOXE1,PBX3
LMX1B,PBX3
MEIS2,PBX3
MTERF3,PBX3
BCL6,PBX4
DR1,PBX4
GTF2B,PBX4
HOXB2,PBX4
HOXB5,PBX4
HOXC5,PBX4
HOXC8,PBX4
HOXD4,PBX4
MBD3,PBX4
MEIS2,PBX4
CBX2,PCGF2
E2F6,PCGF2
HOXC9,PCGF2
HSF2,PCGF2
KDM2B,PCGF2
MGA,PCGF2
ADNP,PCGF6
CBX2,PCGF6
CHAMP1,PCGF6
E2F1,PCGF6
E2F2,PCGF6
E2F3,PCGF6
E2F4,PCGF6
E2F5,PCGF6
E2F6,PCGF6
KDM2B,PCGF6
MAX,PCGF6
MGA,PCGF6
PCGF2,PCGF6
BATF3,PGR
ESR1,PGR
JDP2,PGR
NCOA1,PGR
NCOA2,PGR
NCOA3,PGR
AEBP2,PHF1
ARID5A,PHF1
BCL11A,PHF1
BHLHE40,PHF1
BPTF,PHF1
DPF1,PHF1
FOSB,PHF1
GATAD2A,PHF1
GATAD2B,PHF1
HOMEZ,PHF1
LBX1,PHF1
LCOR,PHF1
MBD2,PHF1
MBD3,PHF1
MEOX2,PHF1
MTF2,PHF1
MYBL2,PHF1
PATZ1,PHF1
CXXC1,PHF20
KMT2A,PHF20
KMT2B,PHF20
ARNTL,PHF21A
CLOCK,PHF21A
HMG20A,PHF21A
HMG20B,PHF21A
JUN,PHF21A
L3MBTL3,PHF21A
MAX,PHF21A
ARID5A,PIN1
BCL11A,PIN1
CENPB,PIN1
DEAF1,PIN1
E2F4,PIN1
ETV6,PIN1
FOS,PIN1
FOSL1,PIN1
FOXI1,PIN1
FOXN1,PIN1
FOXP2,PIN1
GLI1,PIN1
GMEB2,PIN1
HOMEZ,PIN1
HOXA1,PIN1
IKZF1,PIN1
IKZF3,PIN1
IRF3,PIN1
JUN,PIN1
KMT2B,PIN1
MEOX1,PIN1
MEOX2,PIN1
MYC,PIN1
MYF5,PIN1
NCOA3,PIN1
NEUROD4,PIN1
NR4A3,PIN1
PAX6,PIN1
PBX1,PIN1
AKAP8L,PITX1
ARID5A,PITX1
CDX4,PITX1
GATA1,PITX1
HOXA1,PITX1
HSF4,PITX1
MSX2,PITX1
FOXC2,PITX2
HEY1,PITX2
HOXA1,PITX2
KLF11,PKNOX1
PBX1,PKNOX1
PBX2,PKNOX1
PBX4,PKNOX1
CREBL2,PKNOX2
LMX1B,PKNOX2
MBD3,PKNOX2
PBX1,PKNOX2
PBX4,PKNOX2
ARID5A,PLAGL2
OLIG3,PLAGL2
PAX9,PLAGL2
PIN1,PLAGL2
ARNT2,PLSCR1
BCL6B,PLSCR1
DMRT3,PLSCR1
ESR2,PLSCR1
HEY2,PLSCR1
HOXA1,PLSCR1
HOXA9,PLSCR1
HOXB6,PLSCR1
PITX1,PLSCR1
ARID5A,POU1F1
GATA2,POU1F1
LHX4,POU1F1
MSX2,POU1F1
PITX1,POU1F1
FOXD2,POU2AF1
GATA2,POU2AF1
HOXC8,POU2AF1
HOXC9,POU2AF1
MEIS2,POU2AF1
MSX2,POU2AF1
OTX1,POU2AF1
PAX8,POU2AF1
PITX2,POU2AF1
CEBPE,POU2F1
CREM,POU2F1
FOXC1,POU2F1
FOXC2,POU2F1
FOXS1,POU2F1
HIVEP1,POU2F1
HMGA1,POU2F1
HOXB13,POU2F1
HOXC9,POU2F1
IRF9,POU2F1
NFYA,POU2F1
NR3C1,POU2F1
POU2AF1,POU2F1
FOXC2,POU2F2
FOXJ2,POU2F2
FOXS1,POU2F2
HMGA1,POU2F2
MSX2,POU2F2
NR3C1,POU2F2
POU2AF1,POU2F2
ESR1,POU4F1
DLX3,POU4F2
ESR1,POU4F2
LHX2,POU4F2
NOTO,POU4F2
MBD3,POU5F1
BHLHE40,POU6F2
EBF1,POU6F2
FOSB,POU6F2
GCM2,POU6F2
GLIS2,POU6F2
GMEB2,POU6F2
HIVEP1,POU6F2
HOXC5,POU6F2
HOXC8,POU6F2
IRX4,POU6F2
ISX,POU6F2
MEIS2,POU6F2
MSX2,POU6F2
NEUROG3,POU6F2
NFYC,POU6F2
POU2F1,POU6F2
FOXA3,PPARA
HOXC8,PPARA
NCOA1,PPARA
NCOA2,PPARA
NR1H3,PPARA
NCOA1,PPARD
NCOA2,PPARD
NCOA3,PPARD
GATA5,PPARG
HMGA1,PPARG
KLF5,PPARG
MAFF,PPARG
MSX2,PPARG
NCOA1,PPARG
NCOA2,PPARG
NCOA3,PPARG
FOXK2,PRDM10
CREB5,PRDM14
DMRT3,PRDM14
HOXB5,PRDM14
HOXC8,PRDM14
MYPOP,PRDM14
PATZ1,PRDM14
PAX2,PRDM14
NFATC1,PRDM15
ESR1,PRDM2
EMX1,PRDM4
GFI1,PRDM5
ARID5A,PRDM6
FOXD4L1,PRDM6
HOXC8,PRDM6
PATZ1,PRDM6
ESR1,PREB
JUN,PRMT3
MEOX2,PRMT3
PPARD,PRMT3
BATF2,PROP1
HOXA1,PROP1
NR1D2,PROP1
OLIG3,PROP1
POU6F2,PROP1
ESRRA,PROX1
ESRRG,PROX1
HNF4A,PROX1
IRF4,PROX1
NR3C2,PROX1
NR5A2,PROX1
PPARD,PROX1
E2F1,PURA
ESR1,PURA
ESR2,PURA
JUN,PURA
ESR1,PURB
ESR2,PURB
MBD2,PURB
ALX1,RARA
CLOCK,RARA
ESR1,RARA
HMGA1,RARA
IRX4,RARA
KLF5,RARA
NCOA1,RARA
NCOA2,RARA
NCOA3,RARA
NPAS2,RARA
NR1H2,RARA
NR2C1,RARA
PPARG,RARA
GATA3,RARB
MEOX2,RARB
NCOA1,RARB
NCOA2,RARB
MYF5,RARG
NCOA1,RARG
NCOA3,RARG
RARA,RARG
ARNT2,RBCK1
CREB5,RBCK1
ESR1,RBCK1
HOXC8,RBCK1
NR1I2,RBCK1
PCGF2,RBCK1
ADNP,RBPJ
ALX4,RBPJ
ARID3B,RBPJ
CGGBP1,RBPJ
CREM,RBPJ
CUX1,RBPJ
DLX5,RBPJ
GATAD2A,RBPJ
HMG20B,RBPJ
HOXA10,RBPJ
HOXB9,RBPJ
HOXC13,RBPJ
HOXD13,RBPJ
L3MBTL3,RBPJ
LCOR,RBPJ
MBD1,RBPJ
MBD2,RBPJ
MECP2,RBPJ
NFATC1,RBPJ
NFIA,RBPJ
NFIC,RBPJ
NFIX,RBPJ
NKX2-5,RBPJ
NR2F2,RBPJ
PATZ1,RBPJ
PBX1,RBPJ
PHF21A,RBPJ
PITX2,RBPJ
ARNT2,REL
BARHL2,REL
BCL6,REL
CENPX,REL
CGGBP1,REL
DMRT3,REL
ESRRA,REL
ESRRG,REL
FOXO4,REL
IRF4,REL
MBD3,REL
NEUROG3,REL
NFKB1,REL
NFKB2,REL
PRDM10,REL
AHR,RELA
AKAP8L,RELA
ARNT,RELA
BATF2,RELA
CDX2,RELA
EGR1,RELA
ELF3,RELA
ESR1,RELA
FOS,RELA
FOXP3,RELA
GLIS1,RELA
GTF2B,RELA
IRF1,RELA
IRF4,RELA
ISL1,RELA
MEOX2,RELA
MYC,RELA
NCOA3,RELA
NFIC,RELA
NFKB1,RELA
NFKB2,RELA
NR3C1,RELA
POU6F2,RELA
PPARD,RELA
PPARG,RELA
REL,RELA
NFKB1,RELB
NFKB2,RELB
REL,RELB
RELA,RELB
ESR1,REPIN1
ESR1,REXO4
ESR2,REXO4
REPIN1,REXO4
FOXJ1,RFX1
FOXJ2,RFX1
FOXN2,RFX1
FOXJ1,RFX2
FOXJ2,RFX2
CREB1,RFX3
FOXJ1,RFX3
FOXJ2,RFX3
MBD2,RFX3
MEOX2,RFX3
PKNOX1,RFX3
RFX1,RFX3
ARNT2,RFX6
DMRT3,RFX6
ESR2,RFX6
PATZ1,RFX6
PITX1,RFX6
RFX2,RFX6
RFX3,RFX6
NPAS2,RHOXF1
ARID5A,RHOXF2
BATF3,RHOXF2
CREM,RHOXF2
CRX,RHOXF2
HOXC13,RHOXF2
MSX2,RHOXF2
NANOG,RHOXF2
NKX3-1,RHOXF2
PITX1,RHOXF2
POU2AF1,RHOXF2
FOXP3,RORA
NCOA1,RORA
PROX1,RORA
LCOR,RORB
NCOA1,RORB
ARNTL,RORC
CLOCK,RORC
JUN,RORC
NCOA1,RORC
NCOA2,RORC
DNMT1,RUNX1
ELF2,RUNX1
FOS,RUNX1
JUN,RUNX1
MYC,RUNX1
OLIG3,RUNX1
FOS,RUNX2
JUN,RUNX2
BHLHE40,RXRA
NCOA1,RXRA
NCOA2,RXRA
NCOA3,RXRA
NPAS2,RXRA
NR1H2,RXRA
NR1H3,RXRA
NR1H4,RXRA
NR1I2,RXRA
NR1I3,RXRA
NR3C2,RXRA
NR4A1,RXRA
NR4A2,RXRA
POU2F1,RXRA
PPARA,RXRA
PPARD,RXRA
PPARG,RXRA
RARA,RXRA
RARB,RXRA
RARG,RXRA
RELA,RXRA
NCOA1,RXRB
NCOA2,RXRB
NR1H2,RXRB
NR1H3,RXRB
NR1H4,RXRB
NR1I2,RXRB
NR2C2,RXRB
NR3C1,RXRB
NR4A2,RXRB
PLSCR1,RXRB
PPARD,RXRB
PPARG,RXRB
RARA,RXRB
RARB,RXRB
RARG,RXRB
CEBPZ,RXRG
HOXD4,RXRG
NCOA2,RXRG
NR1H2,RXRG
NR1H3,RXRG
NR1H4,RXRG
NR1I2,RXRG
PPARA,RXRG
PPARD,RXRG
PPARG,RXRG
RARA,RXRG
RARB,RXRG
RARG,RXRG
ESR1,SAFB
JUN,SAFB
SAFB,SAFB2
FOXB1,SALL1
FOXC1,SALL1
FOXC2,SALL1
FOXE1,SALL1
FOXG1,SALL1
FOXJ2,SALL1
IRF3,SALL2
LHX6,SALL2
FOXA1,SATB1
FOXB1,SATB1
FOXC1,SATB1
FOXC2,SATB1
FOXE1,SATB1
FOXF1,SATB1
FOXG1,SATB1
FOXL1,SATB1
FOXN1,SATB1
FOXO1,SATB1
FOXP1,SATB1
FOXP3,SATB1
FOXQ1,SATB1
FOXS1,SATB1
JUN,SATB1
MEOX2,SATB1
RBPJ,SATB1
CTCF,SATB2
FOXA1,SATB2
FOXA3,SATB2
FOXB1,SATB2
FOXC1,SATB2
FOXC2,SATB2
FOXE1,SATB2
FOXF1,SATB2
FOXG1,SATB2
FOXI2,SATB2
FOXJ2,SATB2
FOXK2,SATB2
FOXL1,SATB2
FOXN1,SATB2
FOXO1,SATB2
FOXP1,SATB2
FOXP3,SATB2
FOXQ1,SATB2
FOXS1,SATB2
JUN,SATB2
LHX6,SATB2
RBPJ,SATB2
SATB1,SATB2
CBX2,SCMH1
PCGF2,SCMH1
BHLHE40,SETDB1
CHCHD3,SETDB1
FLYWCH1,SETDB1
FOXP4,SETDB1
HOXB13,SETDB1
HOXC4,SETDB1
HSF2,SETDB1
KLF12,SETDB1
MBD1,SETDB1
ARNT,SIM1
ARNT2,SIM1
ARNT,SIM2
ARNT2,SIM2
FOXN1,SIM2
FOXR2,SIM2
FOXE1,SIX1
FOXL2,SIX1
POU6F2,SIX1
REL,SIX1
GLI2,SKI
GLI3,SKI
PRDM16,SKI
RARA,SKI
HEY1,SKIL
HEYL,SKIL
SETDB1,SKIL
SKI,SKIL
AR,SMAD1
DACH1,SMAD1
HBP1,SMAD1
HOXA5,SMAD1
HOXC8,SMAD1
MBD1,SMAD1
MGA,SMAD1
PREB,SMAD1
RFX1,SMAD1
RUNX2,SMAD1
SKI,SMAD1
AR,SMAD3
ATF2,SMAD3
ATF3,SMAD3
EGR1,SMAD3
EPAS1,SMAD3
FLI1,SMAD3
FOS,SMAD3
FOXH1,SMAD3
FOXO3,SMAD3
HEY1,SMAD3
HEYL,SMAD3
HIF1A,SMAD3
HIVEP1,SMAD3
HOXC11,SMAD3
ISL1,SMAD3
JUN,SMAD3
JUNB,SMAD3
KMT2B,SMAD3
LEF1,SMAD3
MAX,SMAD3
MBD1,SMAD3
MECOM,SMAD3
MEOX2,SMAD3
MTF2,SMAD3
MYC,SMAD3
NR3C1,SMAD3
NR4A1,SMAD3
PIN1,SMAD3
PLAG1,SMAD3
PLAGL1,SMAD3
PRDM16,SMAD3
PRDM4,SMAD3
PROX1,SMAD3
RELA,SMAD3
RUNX1,SMAD3
RUNX2,SMAD3
RUNX3,SMAD3
SKI,SMAD3
SKIL,SMAD3
SMAD1,SMAD3
ATF2,SMAD4
ESR1,SMAD4
FOXH1,SMAD4
FOXO3,SMAD4
GATA2,SMAD4
HMG20A,SMAD4
JUN,SMAD4
JUNB,SMAD4
LHX4,SMAD4
MYOD1,SMAD4
NFIX,SMAD4
NFKB1,SMAD4
NKX2-5,SMAD4
PAX8,SMAD4
RELA,SMAD4
RFX1,SMAD4
SKI,SMAD4
SKIL,SMAD4
SMAD1,SMAD4
SMAD3,SMAD4
MBD1,SMAD5
POU6F2,SMAD5
RUNX2,SMAD5
SMAD1,SMAD5
SMAD4,SMAD5
ARNT,SMAD9
E4F1,SMAD9
FLI1,SMAD9
HEY1,SMAD9
HEYL,SMAD9
MBD1,SMAD9
PPARD,SMAD9
RFX1,SMAD9
SMAD3,SMAD9
SMAD4,SMAD9
NFYB,SMYD3
PBX2,SMYD3
DNMT1,SNAI1
EGR2,SNAI1
HMG20A,SNAI1
HMG20B,SNAI1
HOXD4,SNAI1
PAX2,SNAI1
MBD1,SNAPC2
BATF,SNAPC5
CREB5,SNAPC5
DDIT3,SNAPC5
HMG20B,SNAPC5
MYF5,SNAPC5
ARID5A,SOHLH1
ESR1,SON
CRX,SOX10
HSF4,SOX10
PAX3,SOX10
POU6F2,SOX10
SETDB1,SOX10
CRX,SOX14
FOXH1,SOX14
NAIF1,SOX14
NR3C1,SOX14
BHLHE40,SOX15
HOXB9,SOX15
HSFY1,SOX15
HSFY2,SOX15
ALX4,SOX2
CUX1,SOX2
GATAD2A,SOX2
MBD3,SOX2
POU2F1,SOX2
POU5F1,SOX2
SALL2,SOX2
SOX14,SOX2
FLI1,SOX30
DACH1,SOX4
MYC,SOX4
ARID5A,SOX5
CRX,SOX5
MSX2,SOX5
SMAD1,SOX5
SMAD5,SOX5
SMAD5,SOX7
HOXC11,SOX8
MAF,SOX9
NR5A1,SOX9
AR,SP1
CTCFL,SP1
E2F1,SP1
EGR1,SP1
EPAS1,SP1
ESR1,SP1
ESR2,SP1
GATA4,SP1
HIF1A,SP1
HMGA1,SP1
HNF4A,SP1
HOXC11,SP1
JUN,SP1
KLF10,SP1
KLF4,SP1
KLF6,SP1
MECP2,SP1
MEF2C,SP1
MYC,SP1
MYCN,SP1
NFKB1,SP1
NFYA,SP1
NFYC,SP1
NR2F1,SP1
NR5A1,SP1
PGR,SP1
POU2F1,SP1
PPARG,SP1
RARA,SP1
RELA,SP1
RXRA,SP1
SMAD3,SP1
SMAD4,SP1
AKAP8,SP100
AKAP8L,SP100
ARID3A,SP100
BCL11A,SP100
BCL11B,SP100
CREM,SP100
CTCF,SP100
ETS1,SP100
FOXC1,SP100
FOXP1,SP100
FOXP4,SP100
GATA4,SP100
GLI3,SP100
L3MBTL3,SP100
MAFB,SP100
MECP2,SP100
MYB,SP100
SALL2,SP100
BACH2,SP110
CENPB,SP110
KAT7,SP110
RUNX3,SP110
SETDB2,SP110
PIN1,SP140
NFYC,SP2
NRF1,SP2
SETDB1,SP2
ESR1,SP3
LIN54,SP3
PHF21A,SP3
SP1,SP3
ELK3,SP4
FOXP2,SP4
HIVEP1,SP4
NFYC,SP4
NRF1,SP4
POU2F1,SP4
HEYL,SP8
MECOM,SPDEF
NKX3-1,SPDEF
PCGF2,SPDEF
PRDM16,SPDEF
ESR1,SPEN
RBPJ,SPEN
CEBPA,SPI1
GATA1,SPI1
GATA2,SPI1
IRF1,SPI1
IRF4,SPI1
IRF8,SPI1
JUN,SPI1
MECP2,SPI1
IRF4,SPIB
JUN,SRCAP
HNF4A,SREBF1
CREB1,SREBF2
EGR1,SREBF2
HNF4A,SREBF2
NFYA,SREBF2
NFYC,SREBF2
SP1,SREBF2
ATF6,SRF
ELK1,SRF
ELK4,SRF
GATA4,SRF
MYOD1,SRF
MYOG,SRF
NCOA1,SRF
NFYA,SRF
RARA,SRF
RXRG,SRF
E2F1,STAT1
ESR1,STAT1
FOS,STAT1
FOXA3,STAT1
IRF1,STAT1
IRF9,STAT1
RXRA,STAT1
SMAD4,STAT1
IRF9,STAT2
STAT1,STAT2
AR,STAT3
ATF3,STAT3
BATF3,STAT3
DNMT1,STAT3
HESX1,STAT3
HIF1A,STAT3
HIVEP1,STAT3
HOXC11,STAT3
IRF1,STAT3
KLF15,STAT3
NCOA1,STAT3
NFKB1,STAT3
NR3C1,STAT3
NR4A1,STAT3
PPARD,STAT3
RELA,STAT3
SP1,STAT3
STAT1,STAT3
IRF4,STAT4
KLF11,STAT4
EPAS1,STAT5A
ESR1,STAT5A
OLIG1,STAT5A
PPARG,STAT5A
HIVEP1,STAT5B
STAT5A,STAT5B
ANKZF1,STAT6
CEBPZ,STAT6
IRF4,STAT6
NCOA1,STAT6
STAT2,STAT6
STAT3,STAT6
GATA1,TAL1
GATA3,TAL1
HOXB9,TAL1
RUNX1,TAL1
SP1,TAL1
AHR,TBP
BRF2,TBP
CXXC1,TBP
DR1,TBP
DRAP1,TBP
E2F1,TBP
ESR1,TBP
FOS,TBP
FOXJ2,TBP
FOXK2,TBP
FOXN1,TBP
FOXP1,TBP
GTF2B,TBP
HMBOX1,TBP
JUN,TBP
MAX,TBP
MSX1,TBP
RBPJ,TBP
RELA,TBP
RXRA,TBP
SNAPC2,TBP
SP1,TBP
SPI1,TBP
TBP,TBPL1
FOXP2,TBR1
HOXA1,TBR1
JUN,TBR1
HOXA1,TBX15
GCM2,TBX19
HOXC8,TBX19
IRX6,TBX19
PITX1,TBX19
CEBPE,TBX2
ESR1,TBX2
MEIS2,TBX2
SP100,TBX2
HOXC8,TBX22
PITX1,TBX22
PITX2,TBX22
PROP1,TBX22
SP100,TBX3
NKX2-5,TBX5
CRX,TBX6
HSFY1,TBX6
HSFY2,TBX6
MEOX2,TBX6
POU2AF1,TBX6
POU6F2,TBX6
TBX15,TBX6
TBX19,TBX6
ASCL3,TCF12
ASCL4,TCF12
FERD3L,TCF12
FIGLA,TCF12
HAND1,TCF12
HAND2,TCF12
MSC,TCF12
MSGN1,TCF12
MYF6,TCF12
MYOG,TCF12
NEUROD1,TCF12
NEUROG1,TCF12
NEUROG3,TCF12
NHLH2,TCF12
PIN1,TCF12
SP100,TCF12
STAT5A,TCF12
TAL1,TCF12
TAL2,TCF12
GATAD2A,TCF20
GATAD2B,TCF20
HMG20A,TCF20
SMAD1,TCF20
HOXB6,TCF21
KLF15,TCF21
MYOD1,TCF21
TCF12,TCF21
FIGLA,TCF23
TCF12,TCF23
ASCL1,TCF3
ASCL3,TCF3
BHLHE40,TCF3
DACH1,TCF3
GLIS1,TCF3
HAND1,TCF3
HAND2,TCF3
LMX1A,TCF3
MYF5,TCF3
MYOD1,TCF3
MYOG,TCF3
NEUROD1,TCF3
RUNX1,TCF3
SOX2,TCF3
TAL1,TCF3
TCF21,TCF3
ASCL1,TCF4
ASCL3,TCF4
ASCL4,TCF4
ATOH7,TCF4
DMRT3,TCF4
FERD3L,TCF4
FIGLA,TCF4
HAND1,TCF4
HAND2,TCF4
LHX4,TCF4
MSC,TCF4
MSGN1,TCF4
MYOD1,TCF4
MYOG,TCF4
NEUROD1,TCF4
NEUROD4,TCF4
NEUROG1,TCF4
NEUROG3,TCF4
NHLH2,TCF4
NR4A1,TCF4
PIN1,TCF4
PRDM6,TCF4
RELA,TCF4
SETDB1,TCF4
TAL1,TCF4
TAL2,TCF4
TCF12,TCF4
TCF21,TCF4
TCF23,TCF4
TCF3,TCF4
CRX,TCF7L2
MSX2,TCF7L2
SRF,TEAD1
ADNP,TEAD2
ARID3B,TEAD2
ARNT,TEAD2
ATF3,TEAD2
DACH1,TEAD2
DLX5,TEAD2
FOXK2,TEAD2
GLIS1,TEAD2
GLIS2,TEAD2
HIF1A,TEAD2
HOXA10,TEAD2
HOXB13,TEAD2
HOXB9,TEAD2
HOXC13,TEAD2
HOXD13,TEAD2
MECP2,TEAD2
MYBL2,TEAD2
MYC,TEAD2
NFATC1,TEAD2
NFIC,TEAD2
NR2F1,TEAD2
NR2F2,TEAD2
NR3C1,TEAD2
POU2F1,TEAD2
POU2F2,TEAD2
RUNX1,TEAD2
SALL1,TEAD2
SATB1,TEAD2
SATB2,TEAD2
TBX2,TEAD2
HOMEZ,TEAD4
HOXB13,TEAD4
PRDM14,TEAD4
RUNX1,TEAD4
TEAD1,TEAD4
TEAD2,TEAD4
FOXM1,TERF1
HMGN3,TERF1
HOXA3,TERF1
PA2G4,TERF1
SALL1,TERF1
SMAD9,TERF1
SP100,TERF1
ESR1,TERF2
HMGN3,TERF2
JUN,TERF2
NAIF1,TERF2
SP100,TERF2
TERF1,TERF2
HSF2,TET3
FOXB1,TFAP2A
FOXE1,TFAP2A
JUN,TFAP2A
MAX,TFAP2A
RELA,TFAP2A
SP1,TFAP2A
SETDB1,TFAP2B
ESR1,TFAP2C
NR1I2,TFAP2C
AKAP8L,TFAP2D
ESR1,TFAP2D
HOXD12,TFAP2D
IKZF3,TFAP2D
PITX1,TFAP2D
TFAP2A,TFAP2D
FOXA1,TFAP4
FOXE1,TFAP4
FOXK2,TFAP4
PRDM5,TFAP4
RBPJ,TFAP4
E2F8,TFCP2
FOXC1,TFCP2
FOXC2,TFCP2
FOXE1,TFCP2
FOXN1,TFCP2
FOXP1,TFCP2
FOXP3,TFCP2
FOXQ1,TFCP2
JUN,TFCP2
PHF1,TFCP2
RXRB,TFCP2
TEAD2,TFCP2
E2F1,TFDP1
E2F2,TFDP1
E2F3,TFDP1
E2F4,TFDP1
E2F5,TFDP1
E2F6,TFDP1
MAX,TFDP1
MGA,TFDP1
PCGF6,TFDP1
E2F1,TFDP2
E2F2,TFDP2
E2F3,TFDP2
E2F4,TFDP2
E2F5,TFDP2
E2F6,TFDP2
MAX,TFDP2
PCGF6,TFDP2
TFDP1,TFDP2
E2F3,TFDP3
E2F4,TFDP3
HSF2,TFDP3
KCMF1,TFDP3
E2F3,TFE3
MITF,TFE3
SMAD3,TFE3
SMAD4,TFE3
SMAD3,TGIF1
AEBP2,THAP1
KLF12,THAP1
PHF1,THAP1
POU6F2,THAP1
ARNTL,THAP11
CLOCK,THAP11
HMG20A,THAP11
MAX,THAP11
PHF21A,THAP11
ESR1,THAP12
LHX4,THAP12
KLF11,THAP3
ASH1L,THAP7
CEBPZ,THAP7
HINFP,THAP7
HOXA1,THAP7
PIN1,THAP7
SETDB1,THAP8
FOXJ1,THRA
L3MBTL3,THRA
MEOX2,THRA
NCOA1,THRA
NCOA2,THRA
RXRA,THRA
HMGN3,THRB
NCOA1,THRB
NCOA2,THRB
NCOA3,THRB
NR2F6,THRB
RXRA,THRB
RXRB,THRB
RXRG,THRB
JUN,THYN1
IRF9,TLX2
MEIS1,TLX2
POU2F1,TLX2
POU6F2,TLX2
CRX,TLX3
FOSB,TLX3
FOXH1,TLX3
IRF9,TLX3
MEIS1,TLX3
MSX2,TLX3
POU2AF1,TLX3
POU6F2,TLX3
REL,TLX3
SP1,TLX3
TBX22,TLX3
AR,TMF1
ESR1,TMF1
ESR2,TMF1
FOXK2,TMF1
GFI1B,TMF1
NR3C1,TMF1
SATB1,TOPORS
ARNT,TP53
ATF3,TP53
BACH1,TP53
BHLHE40,TP53
CREB1,TP53
CREBZF,TP53
CXXC1,TP53
DNMT1,TP53
E2F1,TP53
E4F1,TP53
EGR1,TP53
ESR1,TP53
ETS1,TP53
ETS2,TP53
FOXA3,TP53
FOXB1,TP53
FOXC1,TP53
FOXG1,TP53
FOXK1,TP53
FOXK2,TP53
FOXN1,TP53
FOXO3,TP53
FOXP1,TP53
FOXQ1,TP53
FOXS1,TP53
GLI1,TP53
HEY1,TP53
HIF1A,TP53
HINFP,TP53
HNF4A,TP53
JUN,TP53
KMT2A,TP53
L3MBTL1,TP53
MYC,TP53
NCOA1,TP53
NCOA2,TP53
NFATC1,TP53
NFYA,TP53
NFYB,TP53
NR3C1,TP53
NR4A1,TP53
PATZ1,TP53
PHF1,TP53
PIN1,TP53
PPARG,TP53
RELA,TP53
SNAI1,TP53
SP1,TP53
SP100,TP53
SP110,TP53
SP3,TP53
SREBF2,TP53
STAT1,TP53
TBP,TP53
TCF4,TP53
TEAD2,TP53
TFAP2A,TP53
TFDP1,TP53
THAP8,TP53
THRB,TP53
TOPORS,TP53
EMX1,TP63
PIN1,TP63
TP53,TP63
MYC,TP73
NFYB,TP73
NFYC,TP73
TP53,TP73
TP63,TP73
ESRRG,TRERF1
NR5A1,TRERF1
KMT2B,TSC22D1
SETDB1,TSC22D1
SP110,TSC22D1
TP53,TSC22D1
BAZ2A,TTF1
ESR1,TTF1
FOXL2,TTF1
SMAD1,TTF1
HOXA5,TWIST1
MAX,TWIST1
RELA,TWIST1
STAT3,TWIST1
TCF3,TWIST1
TCF4,TWIST1
TP53,TWIST1
ESR1,UBP1
FOXA1,UBP1
FOXC1,UBP1
FOXC2,UBP1
FOXE1,UBP1
FOXN1,UBP1
FOXP1,UBP1
FOXP3,UBP1
TFCP2,UBP1
BPTF,USF1
FOS,USF1
FOSL1,USF1
GTF2I,USF1
HOMEZ,USF1
TCF3,USF1
FOS,USF2
FOXJ2,USF2
RELA,USF2
TEAD2,USF2
USF1,USF2
ESRRG,VAX1
HMBOX1,VAX1
POU6F2,VAX2
HMGN3,VDR
MYC,VDR
NCOA1,VDR
NCOA2,VDR
NCOA3,VDR
NR1H2,VDR
RXRA,VDR
RXRB,VDR
RXRG,VDR
SMAD3,VDR
TCF3,VDR
ARID5A,VENTX
BATF2,VENTX
BHLHE40,VENTX
CREM,VENTX
GLIS2,VENTX
HOXC8,VENTX
IRF9,VENTX
POU6F2,VENTX
RHOXF2,VENTX
SOX14,VENTX
TBX15,VENTX
TBX19,VENTX
TBX22,VENTX
ESR1,VEZF1
FOSB,VEZF1
HIVEP1,VEZF1
HOMEZ,VEZF1
LHX3,VEZF1
MEIS3,VEZF1
MSX2,VEZF1
NFYA,VEZF1
NRF1,VEZF1
PLAGL2,VEZF1
POU6F2,VEZF1
SOX13,VEZF1
SP4,VEZF1
DR1,VSX2
GTF2B,VSX2
KLF11,VSX2
CHAMP1,WIZ
ESR1,WIZ
FOXE1,WIZ
FOXG1,WIZ
MAX,WIZ
PIN1,WIZ
TSC22D1,WIZ
BHLHE40,WT1
EGR1,WT1
GLIS2,WT1
HMBOX1,WT1
MYC,WT1
SOX4,WT1
TP53,WT1
ATF6,XBP1
CREBZF,XBP1
GLI1,XBP1
ARID3A,XPA
MEOX2,XPA
PRDM16,XPA
SKIL,XPA
ESR1,YBX1
JUN,YBX1
MECP2,YBX1
MYC,YBX1
NFX1,YBX1
PRDM9,YBX1
PURA,YBX1
TP53,YBX1
ELK4,YBX3
ESR1,YBX3
JUN,YBX3
YBX1,YBX3
ATF2,YY1
ATF6,YY1
FOXB1,YY1
FOXJ2,YY1
FOXL1,YY1
FOXN1,YY1
GTF2I,YY1
LHX3,YY1
LHX4,YY1
MECP2,YY1
MYC,YY1
NFKB1,YY1
NR1H2,YY1
SMAD3,YY1
SP1,YY1
SP100,YY1
TP53,YY1
PAX6,ZBED1
MEOX2,ZBED4
FOXK2,ZBTB10
FOXP1,ZBTB10
FOXQ1,ZBTB10
PHF1,ZBTB10
RBPJ,ZBTB10
ESR1,ZBTB11
BAZ2B,ZBTB14
KLF11,ZBTB14
PIN1,ZBTB14
BCL6,ZBTB16
HDX,ZBTB16
HOXA1,ZBTB16
HOXC5,ZBTB16
MEOX2,ZBTB16
PHF1,ZBTB16
PLSCR1,ZBTB16
RARA,ZBTB16
REL,ZBTB16
SMAD3,ZBTB16
SP1,ZBTB16
TERF1,ZBTB16
VDR,ZBTB16
BCL6,ZBTB17
MYC,ZBTB17
MYCN,ZBTB17
TP53,ZBTB17
LHX4,ZBTB2
MEOX2,ZBTB2
PIN1,ZBTB2
STAT6,ZBTB2
NR3C1,ZBTB20
PPARG,ZBTB20
CREB1,ZBTB21
GATA1,ZBTB22
PIN1,ZBTB22
BACH2,ZBTB24
BCL11A,ZBTB24
HMBOX1,ZBTB24
KLF15,ZBTB24
LHX8,ZBTB24
POU6F2,ZBTB24
REXO4,ZBTB24
DDIT3,ZBTB25
HOMEZ,ZBTB25
ZBTB1,ZBTB25
ZBTB2,ZBTB25
HMBOX1,ZBTB26
SOX5,ZBTB26
FOXM1,ZBTB3
GATA4,ZBTB3
LEF1,ZBTB3
NR3C1,ZBTB3
PKNOX1,ZBTB3
PPARG,ZBTB3
PROX1,ZBTB3
SKIL,ZBTB3
SMAD3,ZBTB3
THRA,ZBTB3
ELF2,ZBTB32
GATA2,ZBTB32
HOXD4,ZBTB32
MLX,ZBTB32
PATZ1,ZBTB32
PITX1,ZBTB32
RHOXF2,ZBTB32
TFAP2D,ZBTB32
TLX3,ZBTB32
VENTX,ZBTB32
ZBTB16,ZBTB32
FOXA3,ZBTB33
FOXB1,ZBTB33
FOXG1,ZBTB33
FOXH1,ZBTB33
FOXM1,ZBTB33
FOXP3,ZBTB33
FOXQ1,ZBTB33
GATAD2B,ZBTB33
PCGF6,ZBTB33
TP53,ZBTB33
BACH2,ZBTB34
FOXC2,ZBTB34
FOXE1,ZBTB34
FOXJ2,ZBTB34
FOXP3,ZBTB34
ZBTB26,ZBTB34
CARF,ZBTB38
POU6F2,ZBTB4
OTX1,ZBTB42
PIN1,ZBTB42
ZBTB16,ZBTB42
ZBTB24,ZBTB43
SMAD1,ZBTB44
THAP1,ZBTB48
ZBTB26,ZBTB48
ZBTB17,ZBTB49
ZBTB2,ZBTB49
PPARG,ZBTB5
SKIL,ZBTB6
ZBTB26,ZBTB6
ZBTB48,ZBTB6
AR,ZBTB7A
BCL6,ZBTB7A
ESR1,ZBTB7A
HOMEZ,ZBTB7A
RELA,ZBTB7A
SMAD4,ZBTB7A
TP53,ZBTB7A
BCL6,ZBTB7B
BCL6B,ZBTB7B
ESR1,ZBTB7B
PIN1,ZBTB7B
RELA,ZBTB7B
ZBTB42,ZBTB7B
ZBTB5,ZBTB7B
BAZ2B,ZBTB8A
HIC2,ZBTB8A
JRK,ZBTB8A
KAT7,ZBTB8A
ZBTB17,ZBTB8A
ZBTB24,ZBTB8A
ZBTB48,ZBTB8A
ZBTB49,ZBTB8A
FOXD4L6,ZBTB9
MYBL2,ZBTB9
NFKB1,ZBTB9
NR3C1,ZBTB9
PIN1,ZBTB9
PPARG,ZBTB9
ZBTB24,ZBTB9
ZBTB26,ZBTB9
ZBTB48,ZBTB9
SMAD1,ZEB2
SMAD3,ZEB2
SMAD5,ZEB2
SMAD9,ZEB2
TEAD2,ZEB2
POU6F2,ZFHX2
BHLHE40,ZFHX3
ESR1,ZFHX3
HIVEP1,ZFHX3
MSX2,ZFHX3
POU2F1,ZFHX3
POU6F2,ZFHX3
POU6F2,ZFP1
CEBPE,ZFP2
SAFB,ZFP41
SAFB2,ZFP41
MAFB,ZFP64
SETDB1,ZFP64
ZBTB9,ZFP64
ESR1,ZFP91
ESR2,ZFP91
FOXA1,ZFP91
POU6F2,ZFP91
ZFP41,ZFP91
GATA1,ZFPM2
GATA4,ZFPM2
STAT3,ZFPM2
DMRT3,ZFY
ZBTB9,ZFY
ESR1,ZGPAT
GATAD2B,ZGPAT
IKZF3,ZGPAT
TERF2,ZGPAT
THAP1,ZGPAT
THAP6,ZGPAT
ZBTB8A,ZGPAT
BHLHE40,ZHX1
CREB1,ZHX1
ESR1,ZHX1
LHX9,ZHX1
NFYA,ZHX1
TAL1,ZHX1
TERF1,ZHX1
TP53,ZHX1
ESR1,ZHX2
ZHX1,ZHX2
KLF11,ZHX3
ZHX1,ZHX3
ZHX2,ZHX3
AKAP8L,ZIC1
ARID5A,ZIC1
BATF3,ZIC1
CRX,ZIC1
FOXH1,ZIC1
PATZ1,ZIC1
REL,ZIC1
SMAD4,ZIC1
SMYD3,ZIC1
TBX19,ZIC1
ESR1,ZKSCAN1
L3MBTL1,ZKSCAN1
PCGF6,ZKSCAN1
MEOX2,ZKSCAN3
MEOX2,ZKSCAN4
SETDB1,ZKSCAN8
HOXA1,ZMAT1
IKZF3,ZMAT1
BACH2,ZNF124
MEOX2,ZNF124
PAX6,ZNF124
TCF4,ZNF124
ZMAT1,ZNF124
CREB1,ZNF131
FOXB1,ZNF131
FOXJ2,ZNF131
FOS,ZNF133
LHX6,ZNF138
ZBTB8A,ZNF138
FOXQ1,ZNF143
LIN54,ZNF143
RBPJ,ZNF143
SMAD9,ZNF143
ESR1,ZNF146
L3MBTL1,ZNF146
ZKSCAN1,ZNF146
FOXJ2,ZNF148
POU6F2,ZNF148
ZBTB47,ZNF16
ZNF101,ZNF16
HOMEZ,ZNF165
KAT7,ZNF165
SNAPC5,ZNF177
ZGPAT,ZNF177
SKIL,ZNF200
MEOX2,ZNF202
WT1,ZNF205
ESR1,ZNF207
JUN,ZNF207
PA2G4,ZNF207
BCL11A,ZNF219
BCL11B,ZNF219
BPTF,ZNF219
DR1,ZNF219
GATAD2A,ZNF219
GATAD2B,ZNF219
MBD2,ZNF219
MBD3,ZNF219
MYBL2,ZNF219
ZBTB2,ZNF219
MEOX2,ZNF23
ZBTB9,ZNF23
FOS,ZNF232
HSF1,ZNF232
YY1,ZNF232
ESR1,ZNF24
SETDB1,ZNF24
TP53,ZNF24
ZBTB16,ZNF24
ZGPAT,ZNF24
ZKSCAN4,ZNF24
ZNF165,ZNF24
ZNF174,ZNF24
ZNF232,ZNF24
HMBOX1,ZNF250
HOMEZ,ZNF250
LTF,ZNF250
MEOX2,ZNF250
MYF5,ZNF250
PRDM14,ZNF250
ZBTB43,ZNF250
ZBTB6,ZNF250
ZBTB8A,ZNF250
ZFP1,ZNF250
ZNF165,ZNF250
ZNF175,ZNF250
ZNF202,ZNF250
SMAD1,ZNF251
SMAD3,ZNF251
ZNF165,ZNF263
ZNF175,ZNF264
SP8,ZNF273
MEOX2,ZNF276
ZBTB8A,ZNF276
HOMEZ,ZNF280C
AHDC1,ZNF280D
RLF,ZNF280D
ESR1,ZNF281
L3MBTL1,ZNF281
MYC,ZNF281
NANOG,ZNF281
SP100,ZNF281
STAT3,ZNF281
ZBTB16,ZNF281
HOXB5,ZNF286A
ADNP,ZNF292
ADNP2,ZNF292
ZNF280D,ZNF292
BCL11A,ZNF296
BPTF,ZNF296
MBD2,ZNF296
MYBL2,ZNF296
ZNF212,ZNF3
ALX1,ZNF300
ZBTB48,ZNF317
ESR1,ZNF318
POU6F2,ZNF319
ESR1,ZNF326
FOXP3,ZNF326
FOXQ1,ZNF326
JUN,ZNF326
MEOX2,ZNF329
SMAD3,ZNF329
ZBTB8A,ZNF329
ZGPAT,ZNF329
ZNF275,ZNF329
HMBOX1,ZNF337
CREB5,ZNF34
FOXH1,ZNF34
GCM2,ZNF34
HOXC8,ZNF34
NFYC,ZNF34
OTX1,ZNF34
PITX1,ZNF34
PITX2,ZNF34
POU6F2,ZNF34
TBX3,ZNF34
TBX6,ZNF34
TCF7L2,ZNF34
TLX3,ZNF34
VENTX,ZNF34
ZIC1,ZNF34
ARNT2,ZNF341
JRK,ZNF343
PAX9,ZNF343
ZNF319,ZNF343
ESR1,ZNF346
KLF11,ZNF346
NKRF,ZNF346
SETDB1,ZNF346
CDC5L,ZNF35
CREB1,ZNF35
HOMEZ,ZNF35
ZBTB8A,ZNF35
ZGPAT,ZNF35
AKAP8L,ZNF366
THAP1,ZNF385C
ZBTB47,ZNF394
ZKSCAN3,ZNF396
ZKSCAN4,ZNF396
ZKSCAN8,ZNF396
ZNF174,ZNF396
ZNF24,ZNF396
ZKSCAN1,ZNF397
ZKSCAN3,ZNF397
ZKSCAN4,ZNF397
ZKSCAN8,ZNF397
ZNF174,ZNF397
ZNF213,ZNF397
ZNF232,ZNF397
ZNF24,ZNF397
ZNF263,ZNF397
ZNF394,ZNF397
AEBP2,ZNF408
HOXA5,ZNF408
HOXB9,ZNF408
THAP1,ZNF408
ZBTB26,ZNF408
ZBTB48,ZNF408
ZBTB8A,ZNF408
ZBTB9,ZNF408
ZNF317,ZNF408
TLX3,ZNF41
HOXB2,ZNF410
MEOX1,ZNF410
MEOX2,ZNF410
PAX6,ZNF410
POU6F2,ZNF410
STAT5B,ZNF410
ZNF24,ZNF410
ZNF397,ZNF410
POU2AF1,ZNF414
RBCK1,ZNF414
CSRNP1,ZNF417
HMBOX1,ZNF417
HOMEZ,ZNF417
HOXA1,ZNF417
IKZF1,ZNF417
IKZF3,ZNF417
JRK,ZNF417
LHX3,ZNF417
MEIS3,ZNF417
MEOX2,ZNF417
MYF5,ZNF417
NKX3-1,ZNF417
PLSCR1,ZNF417
REL,ZNF417
RORB,ZNF417
TCF4,ZNF417
ZBTB1,ZNF417
ZBTB10,ZNF417
ZBTB43,ZNF417
ZBTB8A,ZNF417
ZBTB9,ZNF417
ZNF165,ZNF417
ZNF19,ZNF417
ZNF20,ZNF417
TP53,ZNF420
SMAD1,ZNF423
SMAD4,ZNF423
ZNF219,ZNF423
ZGPAT,ZNF426
CREB1,ZNF436
BACH2,ZNF438
DMRT3,ZNF438
ESRRG,ZNF438
ZBTB8A,ZNF438
ZNF143,ZNF438
ZNF17,ZNF438
ZNF202,ZNF438
PAX9,ZNF440
XBP1,ZNF440
GSC2,ZNF444
SETDB1,ZNF444
ZKSCAN3,ZNF444
ZKSCAN4,ZNF444
ZKSCAN8,ZNF444
ZNF174,ZNF444
ZNF24,ZNF444
ZNF397,ZNF444
ZNF396,ZNF445
PIN1,ZNF446
REL,ZNF446
ZKSCAN4,ZNF446
ZNF165,ZNF446
ZNF18,ZNF446
ZNF232,ZNF446
ZNF24,ZNF446
ZNF263,ZNF446
ZNF396,ZNF446
ZNF397,ZNF446
ZNF444,ZNF446
PIN1,ZNF449
AR,ZNF451
CDC5L,ZNF451
CREB1,ZNF451
WIZ,ZNF462
ZNF202,ZNF473
ZNF250,ZNF473
ZNF408,ZNF473
ZIC1,ZNF474
ESR1,ZNF48
CAMTA2,ZNF483
CRX,ZNF483
LBX1,ZNF483
MEOX2,ZNF483
ZNF24,ZNF483
ZNF446,ZNF483
DR1,ZNF488
GTF2B,ZNF488
KLF11,ZNF488
HOXB13,ZNF490
MEOX2,ZNF490
ZBTB32,ZNF490
FOXD4L6,ZNF496
NR3C1,ZNF496
PPARG,ZNF496
ZKSCAN4,ZNF496
ZNF397,ZNF496
ZNF446,ZNF496
ZNF483,ZNF496
PURB,ZNF497
ZBTB8A,ZNF497
ZNF473,ZNF497
PHF1,ZNF500
ZNF397,ZNF500
ARID5A,ZNF503
FOXH1,ZNF503
HOXA1,ZNF503
PROP1,ZNF503
LHX6,ZNF507
ISL1,ZNF511
LHX2,ZNF511
REPIN1,ZNF512
REXO4,ZNF512
THAP7,ZNF512
BCL11A,ZNF512B
BPTF,ZNF512B
CREBZF,ZNF512B
ESR1,ZNF512B
ESR2,ZNF512B
GATAD2A,ZNF512B
GATAD2B,ZNF512B
HEYL,ZNF512B
KLF10,ZNF512B
KMT2B,ZNF512B
MBD1,ZNF512B
MBD2,ZNF512B
MBD3,ZNF512B
MEOX2,ZNF512B
MTF2,ZNF512B
MYBL2,ZNF512B
PHF1,ZNF512B
SMAD1,ZNF512B
ZNF143,ZNF512B
ZFP64,ZNF513
ADNP,ZNF524
ZNF317,ZNF524
OVOL2,ZNF526
PCGF6,ZNF526
PHF1,ZNF526
PIN1,ZNF526
THAP1,ZNF526
THAP12,ZNF526
ZBTB24,ZNF526
ZFP91,ZNF526
ZNF124,ZNF526
ZNF264,ZNF526
ZNF408,ZNF526
ZNF438,ZNF526
ZNF497,ZNF526
ZNF524,ZNF526
ZNF250,ZNF547
ZNF417,ZNF547
HOXB5,ZNF552
ZBTB16,ZNF552
SMAD9,ZNF557
SMYD3,ZNF557
STAT3,ZNF557
MEOX2,ZNF564
PLAGL2,ZNF564
REL,ZNF564
SMYD3,ZNF57
ZNF250,ZNF57
MEOX2,ZNF572
REL,ZNF572
ZBTB1,ZNF572
ZBTB8A,ZNF572
ZNF165,ZNF572
ZNF250,ZNF572
ZNF383,ZNF572
ZNF417,ZNF572
ZNF57,ZNF572
ESR1,ZNF574
LHX3,ZNF574
LHX4,ZNF574
MEOX2,ZNF574
POU6F2,ZNF574
ZNF526,ZNF574
MYF5,ZNF575
ZNF526,ZNF575
RARG,ZNF576
ZNF526,ZNF578
ESR1,ZNF579
NR4A1,ZNF579
ZNF444,ZNF579
HOMEZ,ZNF580
IKZF1,ZNF580
PAX9,ZNF580
XBP1,ZNF580
ZNF436,ZNF580
DR1,ZNF581
HMBOX1,ZNF581
IKZF1,ZNF581
PLAGL2,ZNF581
PLSCR1,ZNF581
POU2AF1,ZNF581
SOX5,ZNF581
CSRNP1,ZNF587
GSC2,ZNF587
HMBOX1,ZNF587
HOXA1,ZNF587
IKZF1,ZNF587
IKZF3,ZNF587
LHX3,ZNF587
MEOX2,ZNF587
MYF5,ZNF587
NR1D2,ZNF587
PBX2,ZNF587
PLSCR1,ZNF587
PPARA,ZNF587
PRDM14,ZNF587
RORB,ZNF587
SMAD9,ZNF587
SOX13,ZNF587
TCF4,ZNF587
ZBTB43,ZNF587
ZBTB8A,ZNF587
ZGPAT,ZNF587
ZKSCAN8,ZNF587
ZNF286A,ZNF587
ZNF417,ZNF587
ZNF547,ZNF587
ESR1,ZNF592
JUN,ZNF592
SMAD9,ZNF592
ESR1,ZNF598
FOXS1,ZNF598
CXXC1,ZNF608
KMT2A,ZNF608
KMT2B,ZNF608
PHF20,ZNF608
PHF20,ZNF609
SP100,ZNF609
ZNF608,ZNF609
JRK,ZNF620
MLX,ZNF620
ZBTB16,ZNF620
ZFHX3,ZNF620
ZIC1,ZNF620
ZNF24,ZNF620
ZNF22,ZNF624
HNF4G,ZNF629
HOMEZ,ZNF629
JRK,ZNF629
ZNF438,ZNF629
ZBTB2,ZNF639
ZBTB24,ZNF639
ZNF250,ZNF639
LEUTX,ZNF646
MEOX2,ZNF648
RBAK,ZNF648
ZBTB8A,ZNF648
ZNF250,ZNF648
ZNF275,ZNF648
ZNF317,ZNF648
ZNF343,ZNF648
ZNF438,ZNF648
ZNF552,ZNF648
ZNF620,ZNF648
HOXB5,ZNF655
JRK,ZNF655
MBD3,ZNF655
MXI1,ZNF655
PBX3,ZNF655
THAP6,ZNF655
XPA,ZNF655
ZBTB16,ZNF655
ZNF552,ZNF655
ZNF648,ZNF655
ZNF124,ZNF660
ZNF165,ZNF668
ZNF250,ZNF668
RHOXF2,ZNF683
CENPB,ZNF687
ESR1,ZNF687
GATAD2A,ZNF687
JUN,ZNF687
ZNF592,ZNF687
CRX,ZNF688
HMBOX1,ZNF688
HOMEZ,ZNF688
HOXA1,ZNF688
MEOX2,ZNF688
PHF1,ZNF688
PLSCR1,ZNF688
REL,ZNF688
RFX6,ZNF688
TCF12,ZNF688
TCF4,ZNF688
ZGPAT,ZNF688
ZBTB38,ZNF689
ZNF526,ZNF696
CENPB,ZNF707
HOXA5,ZNF707
RBAK,ZNF707
ZNF273,ZNF707
ZNF324,ZNF707
ZNF445,ZNF707
ZNF579,ZNF707
ZNF689,ZNF707
ZNF696,ZNF707
PHF1,ZNF71
ZBTB24,ZNF71
ZBTB9,ZNF71
ZGPAT,ZNF71
ZNF417,ZNF71
ZNF497,ZNF71
ZNF524,ZNF71
ZNF648,ZNF71
SP100,ZNF740
ZNF212,ZNF746
ZNF707,ZNF747
HOMEZ,ZNF76
IKZF3,ZNF76
KLF15,ZNF76
L3MBTL3,ZNF76
LHX3,ZNF76
LHX4,ZNF76
LHX6,ZNF76
LIN54,ZNF76
REL,ZNF76
SMAD1,ZNF76
SNAI2,ZNF76
TBP,ZNF76
ZNF420,ZNF76
ZNF526,ZNF76
PLSCR1,ZNF764
ZNF408,ZNF764
ARID5A,ZNF765
OTX2,ZNF765
REL,ZNF765
ZNF581,ZNF765
ESR1,ZNF768
JUN,ZNF768
PIN1,ZNF768
SP100,ZNF768
ZNF250,ZNF768
ZNF417,ZNF768
ZNF648,ZNF768
BACH2,ZNF774
HOXA1,ZNF774
HOXB5,ZNF774
SMAD3,ZNF774
ZNF165,ZNF774
ZNF417,ZNF774
ZNF48,ZNF774
ZNF526,ZNF774
ZNF572,ZNF774
ZNF587,ZNF774
PIN1,ZNF783
ZNF212,ZNF783
ZNF398,ZNF783
ZNF707,ZNF783
AKAP8L,ZNF785
ZBTB24,ZNF79
BACH2,ZNF792
ZBTB24,ZNF792
ZNF250,ZNF792
ZNF275,ZNF792
ZNF286A,ZNF792
ZNF408,ZNF792
ZNF473,ZNF792
ZNF48,ZNF792
ZNF497,ZNF792
ZNF526,ZNF792
ZNF552,ZNF792
ZNF581,ZNF792
ZNF639,ZNF792
ZNF648,ZNF792
ZNF655,ZNF792
ZNF668,ZNF792
ZNF71,ZNF792
SMAD1,ZNF8
SMAD9,ZNF8
ZNF114,ZNF8
ESR1,ZNF800
DR1,ZNF829
GTF2B,ZNF829
STAT3,ZNF829
ZNF587,ZNF829
HOXB1,ZNF835
MYF5,ZNF835
PRDM14,ZNF835
ZNF202,ZNF835
ZNF343,ZNF835
ZNF497,ZNF835
ZNF524,ZNF835
ZNF526,ZNF835
ZNF552,ZNF835
ZNF572,ZNF835
ZNF629,ZNF835
ZNF71,ZNF835
ZNF768,ZNF835
ZNF792,ZNF835
HOXA1,ZNF837
PPARD,ZNF837
ZBTB24,ZNF837
ZBTB48,ZNF837
ZBTB8A,ZNF837
ZNF124,ZNF837
ZNF165,ZNF837
ZNF17,ZNF837
ZNF202,ZNF837
ZNF250,ZNF837
ZNF275,ZNF837
ZNF317,ZNF837
ZNF408,ZNF837
ZNF417,ZNF837
ZNF473,ZNF837
ZNF497,ZNF837
ZNF524,ZNF837
ZNF526,ZNF837
ZNF552,ZNF837
ZNF587,ZNF837
ZNF639,ZNF837
ZNF648,ZNF837
ZNF655,ZNF837
ZNF764,ZNF837
ZNF792,ZNF837
ZNF835,ZNF837
HOXA1,ZNF843
YY1,ZNF85
ZNF417,ZNF85
CDC5L,ZSCAN1
DR1,ZSCAN1
GTF2B,ZSCAN1
KLF11,ZSCAN1
MZF1,ZSCAN1
NFYC,ZSCAN1
NPAS2,ZSCAN1
PPARG,ZSCAN1
ZNF174,ZSCAN1
ZNF213,ZSCAN1
ZNF24,ZSCAN1
ZNF263,ZSCAN1
ZNF396,ZSCAN1
ZNF496,ZSCAN1
ZNF24,ZSCAN12
ZNF397,ZSCAN12
ZNF446,ZSCAN12
ZNF473,ZSCAN12
ZNF496,ZSCAN12
ZNF24,ZSCAN16
ZNF446,ZSCAN16
HOXD4,ZSCAN18
SAFB2,ZSCAN18
ZNF174,ZSCAN18
ZNF396,ZSCAN18
ZNF446,ZSCAN18
ZSCAN1,ZSCAN18
ADNP,ZSCAN20
ZKSCAN1,ZSCAN20
ZKSCAN3,ZSCAN20
ZKSCAN4,ZSCAN20
ZKSCAN8,ZSCAN20
ZNF174,ZSCAN20
ZNF213,ZSCAN20
ZNF232,ZSCAN20
ZNF24,ZSCAN20
ZNF263,ZSCAN20
ZNF394,ZSCAN20
ZNF396,ZSCAN20
ZNF397,ZSCAN20
ZNF445,ZSCAN20
ZNF449,ZSCAN20
ZSCAN18,ZSCAN20
ZKSCAN4,ZSCAN21
ZNF213,ZSCAN21
ZNF24,ZSCAN21
ZNF396,ZSCAN21
ZNF397,ZSCAN21
ZNF446,ZSCAN21
ZNF483,ZSCAN21
ZNF496,ZSCAN21
ZNF837,ZSCAN21
ZSCAN12,ZSCAN21
ZSCAN20,ZSCAN21
DR1,ZSCAN22
GTF2B,ZSCAN22
ZGPAT,ZSCAN22
ZKSCAN4,ZSCAN22
ZNF174,ZSCAN22
ZNF24,ZSCAN22
ZNF263,ZSCAN22
ZNF397,ZSCAN22
ZNF444,ZSCAN22
ZNF446,ZSCAN22
ZNF449,ZSCAN22
ZNF483,ZSCAN22
ZNF496,ZSCAN22
ZSCAN1,ZSCAN22
ZSCAN16,ZSCAN22
ZSCAN18,ZSCAN22
ZSCAN20,ZSCAN22
ZSCAN21,ZSCAN22
PPARA,ZSCAN23
ZNF24,ZSCAN23
ZNF426,ZSCAN23
ZNF446,ZSCAN23
ZSCAN20,ZSCAN23
ZSCAN21,ZSCAN23
ZSCAN22,ZSCAN23
ZSCAN1,ZSCAN25
ZSCAN20,ZSCAN25
ZSCAN22,ZSCAN25
MYBL2,ZSCAN26
SP110,ZSCAN26
ZNF397,ZSCAN29
ZNF446,ZSCAN29
ZSCAN20,ZSCAN29
ZKSCAN4,ZSCAN30
ZNF397,ZSCAN30
ZNF444,ZSCAN30
ZNF446,ZSCAN30
ZSCAN20,ZSCAN30
PHF1,ZSCAN32
ZKSCAN1,ZSCAN32
ZKSCAN3,ZSCAN32
ZKSCAN4,ZSCAN32
ZKSCAN8,ZSCAN32
ZNF174,ZSCAN32
ZNF213,ZSCAN32
ZNF232,ZSCAN32
ZNF24,ZSCAN32
ZNF394,ZSCAN32
ZNF396,ZSCAN32
ZNF397,ZSCAN32
ZNF444,ZSCAN32
ZNF446,ZSCAN32
ZSCAN12,ZSCAN32
ZSCAN16,ZSCAN32
ZSCAN18,ZSCAN32
ZSCAN20,ZSCAN32
ZSCAN21,ZSCAN32
ZSCAN22,ZSCAN32
ZSCAN23,ZSCAN32
ZSCAN29,ZSCAN32
ZSCAN30,ZSCAN32
HMGA1,ZSCAN5A
HOMEZ,ZSCAN5B
ZBTB7B,ZSCAN5B
SETDB1,ZSCAN9
SP110,ZSCAN9
ZNF24,ZSCAN9
ZNF446,ZSCAN9
ZSCAN22,ZSCAN9
ZSCAN23,ZSCAN9
KLF11,ZXDC
NR1H2,ZXDC
NR1H3,ZXDC
RORA,ZXDC
CXXC1,ZZZ3
GATA1,ZZZ3
KMT2A,ZZZ3
KMT2B,ZZZ3
PHF20,ZZZ3
ZBTB9,ZZZ3
ZNF212,ZZZ3
ZNF496,ZZZ3
ZNF513,ZZZ3
ZNF608,ZZZ3
NFE2,ELF5
DACH1,FOXA2
FOXN2,FOXA2
HOXA5,FOXA2
HOXB13,FOXA2
HOXD13,FOXA2
OTX2,FOXA2
SALL1,FOXA2
SATB2,FOXA2
FERD3L,TWIST2
GLIS2,TWIST2
SREBF1,TWIST2
TCF12,TWIST2
TCF3,TWIST2
TCF4,TWIST2
GATA1,ZFPM1
GATA2,ZFPM1
FOXP3,ZFP90
HOXC8,ZFP90
FOXJ2,FOXF2
IRF3,IRF7
STAT1,IRF7
STAT2,IRF7
TERF1,ZNF790
ESR1,ZNF277
MBD3,ZNF277
ZBTB7B,ZNF277
ZNF768,ZNF277
NFYC,POU6F1
FOXO1,FOXO6
FOXO3,FOXO6
FOXO4,FOXO6
FOXR2,FOXO6
MYC,FOXO6
ADNP,ZNF644
ADNP2,ZNF644
AHDC1,ZNF644
CHAMP1,ZNF644
FOXJ2,ZNF644
RLF,ZNF644
USF1,ZNF644
WIZ,ZNF644
ZNF280D,ZNF644
ZNF281,ZNF644
ZNF292,ZNF644
ZNF462,ZNF644
MEF2A,MEF2B
NKX2-5,MEF2B
ATF6,ATF6B
LHX8,ATF6B
ESR1,FOXJ3
FOXJ1,FOXJ3
TP53,FOXJ3
ZBTB10,FOXJ3
ZBTB2,FOXJ3
FAM170A,ZNF703
HOXA1,ZNF703
MSX2,ZNF703
VSX2,ZNF703
GATAD2A,ZBTB46
GATAD2B,ZBTB46
MBD3,ZBTB46
WIZ,ZBTB46
ZBTB10,ZBTB46
ZNF318,ZBTB46
ESR1,TRPS1
FOXJ2,TRPS1
NFATC1,TRPS1
SP100,TRPS1
TEAD2,TRPS1
PIN1,CPEB1
HOXB9,SPZ1
HOXA1,ZIM2
PATZ1,ZIM2
PHF1,ZIM2
POU6F2,ZIM2
ZNF383,ZIM2
ZNF587,ZIM2
AR,NR0B1
ESRRA,NR0B1
ESRRG,NR0B1
NR5A1,NR0B1
NR5A2,NR0B1
PPARG,NR0B1
RORA,NR0B1
SREBF1,NR0B1
AR,SRY
MECOM,HIC1
PHF1,HIC1
STAT3,HIC1
ARNT,HIF3A
HIF1A,HIF3A
ARNT,NPAS1
ARNT2,NPAS3
TP53,NPAS3
FOS,KDM2A
RBPJ,KDM2A
SMAD3,KDM2A
ZNF512B,KDM2A
ATF4,ZNF226
TP53,DMTF1
SMAD1,GMEB1
SMAD3,GMEB1
HIF1A,ZNF518A
XPA,ZNF518A
POU2F1,SNAPC4
SNAPC2,SNAPC4
LCOR,TFEB
MITF,TFEB
TFE3,TFEB
HOXD4,ETV4
MEOX2,ETV4
SMAD4,ETV4
RFX2,FOXN4
FOXB1,SIX5
FOXL1,SIX5
CRX,SOX3
DACH1,SOX3
GLIS1,SOX3
GLIS2,SOX3
MYC,SOX3
NFIC,SOX3
TEAD2,SOX3
ZBTB9,ZKSCAN5
ZSCAN1,ZKSCAN5
ZSCAN20,ZKSCAN5
BCL11A,NR2E3
CRX,NR2E3
HOXC13,NR2E3
IRF9,NR2E3
NR1D1,NR2E3
NR3C1,NR2E3
PPARG,NR2E3
ZNF232,NR2E3
CEBPA,CEBPB
DDIT3,CEBPB
EGR1,CEBPB
ESR1,CEBPB
HMGA1,CEBPB
JUN,CEBPB
KLF5,CEBPB
NR3C1,CEBPB
PPARG,CEBPB
RELA,CEBPB
SMAD3,CEBPB
SMAD4,CEBPB
SP1,CEBPB
SRF,CEBPB
NFIC,ZKSCAN7
ZKSCAN4,ZKSCAN7
ZNF446,ZKSCAN7
ZSCAN12,ZKSCAN7
ZSCAN21,ZKSCAN7
ZSCAN22,ZKSCAN7
ZSCAN23,ZKSCAN7
ZSCAN32,ZKSCAN7
BACH1,MAFK
BACH2,MAFK
NFE2L2,MAFK
BACH2,TSHZ2
ESR1,CASZ1
ESR2,CASZ1
TEAD2,CASZ1
WT1,CASZ1
ZSCAN1,TBX20
FOXA3,KLF16
FOXJ2,KLF16
ZBTB33,KLF16
CRX,HNF1B
HNF1A,HNF1B
OTX2,HNF1B
POU6F2,HNF1B
FOXB1,ZFHX4
FOXJ2,ZFHX4
FOXL1,ZFHX4
SP100,ZFHX4
TEAD2,ZFHX4
ZNF707,ZNF316
ZNF250,ZNF460
PLAGL2,IRX2
NRL,FIZ1
SP100,FIZ1
STAT6,ZNF407
ZBTB9,ZNF407
ZSCAN1,ZNF407
NR4A1,ZNF331
MYC,ZNF121
RBAK,ZNF121
ZNF835,ZNF121
ZNF837,ZNF121
RUNX1,ELF4
SETDB1,LHX5
MEOX2,ZNF248
SETDB1,ZNF248
KLF11,ZNF333
ESR1,ZNF652
LHX3,ZNF354C
LHX4,ZNF354C
ZNF598,ZIC4
FOXB1,ZBTB40
CDC5L,MYT1L
SMAD1,ZNF510
CEBPA,CDX1
CEBPE,ZNF384
HOXC9,ZNF384
MBD1,ZNF384
POU6F2,ZNF384
ESR1,ZNF385A
NR5A1,ZNF653
TIGD2,JRKL
SMAD1,ZSCAN4
SMAD9,ZSCAN4
NFKB1,ELF1
NFYC,ELF1
REL,ELF1
MEOX2,ZNF695
SOX6,ZNF184
UBP1,ZNF184
TFCP2,NFE4
SAFB2,ZNF514
TP53,ZNF514
YBX1,ZNF514
NANOG,SALL4
POU5F1,SALL4
CREB1,ZNF92
MEOX2,ZNF92
STAT6,ZNF92
ZNF707,ZNF92
TLX3,ZNF44
ELF3,EHF
ZBTB2,ZBTB18
ESR1,ZNF217
PAX3,POU3F2
SOX10,POU3F2
TBP,POU3F2
CUX1,FOXD3
DRAP1,FOXD3
FOXD1,FOXD3
HOXB9,FOXD3
HOXC13,FOXD3
HOXD13,FOXD3
SATB1,FOXD3
SATB2,FOXD3
UBP1,FOXD3
FOXA3,BARX1
FOXS1,BARX1
HOXD9,BARX1
YBX1,LIN28A
ZNF275,LIN28A
DDIT3,ZSCAN31
ZNF397,ZNF197
ZSCAN20,ZNF197
ZSCAN32,ZNF197
ESR1,CXXC5
SKIL,CXXC5
SMAD3,CXXC5
SMAD5,CXXC5
SMAD9,CXXC5
VDR,CXXC5
ZNF250,ZNF345
EBF3,EBF2
ESR1,PRR12
ZNF219,ZNF521
ZGPAT,ZXDB
FOXP3,NACC2
ESR1,GZF1
ESR1,SIX4
JUN,SIX4
ESR1,ZBED6
ESR1,ZNF787
ESRRG,ESRRB
NCOA2,ESRRB
ETV6,ETV7
IRF4,ETV7
HOXC11,TBX21
ZNF490,TBX21
MEOX2,ZNF69
ZNF417,ZNF69
FAM170A,ZNF358
NFIX,ZNF614
FOXA1,DLX1
FOXC2,ZNF536
FOXJ2,ZNF536
SP100,ZNF536
TEAD2,ZNF536
FOXJ2,TSHZ1
FOXL1,NFXL1
FOXP3,ZBTB37
MECP2,SOX18
GLI3,ZIC3
GLIS2,SHOX
NKX2-5,SHOX
SOX5,SHOX
SOX6,SHOX
NR4A3,SIX3
ZBTB26,ZBTB12
TBPL1,TBPL2
ZFP64,ZNF70
ZHX1,ZNF33B
PPARG,CEBPD
SP100,ZNF827
HOXC9,HOXD1
HOXD4,TIGD4
STAT5B,DMRTA1
ZSCAN20,ZNF215
MEOX1,SPIC
IRF9,DACH2
IRF9,DMRTC2
MEOX1,PAX1
MEOX2,PAX1
SKIL,THAP5
SP1,GATA6
ZNF648,ZNF260
ZNF451,ZNF467
LHX2,ZFP42
MEOX2,ZFP42
TCF4,TCF24
MEIS1,HOXA13
MEOX2,RBPJL
MEOX2,ZNF404
MEOX2,ZNF556
ZBTB3,ZNF556
MEOX2,ZNF772
MLX,MLXIP
MYF5,SCX
TCF4,SCX
MYOG,BHLHA15
TCF4,BHLHA15
NFKB1,LYL1
TCF3,LYL1
NFYC,USF3
NOTO,ETV3L
SMAD3,ZNF83
SMAD9,ZNF83
PBX2,CENPBD1
PGR,KLF9
TEAD2,ZIC2
PIN1,MYT1
SMAD4,SOX12
POU6F2,NKX3-2
RBPJ,ZNF589
RHOXF2,NKX1-2
STAT5A,ZNF596
ZNF562,ZNF561
RBPJ,NKX6-1
RBPJ,ZNF268
REL,ZNF550
RFX3,IRF6
TLX2,IRF6
ZBTB3,IRF6
ZFP41,ZNF485
SMAD1,GSC
SMAD3,GSC
SMAD4,ZBED5
SMAD9,ZNF484
SMAD9,ZNF587B
SOX2,SOX21
SP8,ZNF519
SREBF1,ZBTB7C
TCF12,MESP2
TCF3,MESP2
TCF4,MESP2
TERF1,TERB1
TLX2,ZNF502
ZNF76,ZNF623
ZNF22,ZNF808
ZNF396,ZBED9
ZNF397,ZBED9
ZNF444,ZBED9
ZSCAN20,ZBED9
ZSCAN32,ZBED9
ZSCAN1,INSM2
ZSCAN5A,ZNF616
